City_ID,City,Country,Date,Lat,Lng,Max Temp,Humidity,Cloudiness,Wind Speed
0,Busselton,AU,2022-09-02 04:59:48,-33.65,115.3333,65.25,52,99,14.76
1,Mataura,NZ,2022-09-02 04:59:49,-46.1927,168.8643,57.47,90,62,3.47
2,Chokurdakh,RU,2022-09-02 04:59:49,70.6333,147.9167,47.28,51,47,18.07
3,Hithadhoo,MV,2022-09-02 04:59:49,-0.6,73.0833,81.75,73,8,17.52
4,Rikitea,PF,2022-09-02 04:59:50,-23.1203,-134.9692,72.34,77,1,15.68
5,Bambous Virieux,MU,2022-09-02 04:59:50,-20.3428,57.7575,72.21,68,40,11.5
6,Aklavik,CA,2022-09-02 04:59:50,68.2191,-135.0107,60.62,56,100,5.68
7,Terrace,CA,2022-09-02 04:55:27,54.5163,-128.6035,66.11,68,75,5.75
8,Dvinskoy,RU,2022-09-02 04:59:51,62.1535,45.1175,46.08,91,94,4.99
9,Port Alfred,ZA,2022-09-02 04:59:51,-33.5906,26.891,59.18,90,50,4.0
10,Coquimbo,CL,2022-09-02 04:55:50,-29.9533,-71.3436,49.73,87,0,5.75
11,Yerbogachen,RU,2022-09-02 04:59:51,61.2767,108.0108,46.33,73,95,6.69
12,Tasiilaq,GL,2022-09-02 04:59:51,65.6145,-37.6368,32.9,68,100,1.23
13,Vaini,TO,2022-09-02 04:59:52,-21.2,-175.2,75.36,78,20,8.05
14,Avarua,CK,2022-09-02 04:59:52,-21.2078,-159.775,77.05,88,75,6.91
15,Moron,AR,2022-09-02 04:59:52,-34.6534,-58.6198,52.97,66,100,11.12
16,Juba,SS,2022-09-02 04:55:10,4.8517,31.5825,71.02,91,8,2.48
17,Mahebourg,MU,2022-09-02 04:59:53,-20.4081,57.7,72.25,68,40,11.5
18,Bilibino,RU,2022-09-02 04:59:53,68.0546,166.4372,51.91,37,24,4.18
19,Leningradskiy,RU,2022-09-02 04:59:53,69.3833,178.4167,32.29,94,94,8.08
20,Kapaa,US,2022-09-02 04:59:53,22.0752,-159.319,84.18,75,18,3.0
21,Kaitangata,NZ,2022-09-02 04:59:54,-46.2817,169.8464,51.06,95,99,4.14
22,Torbay,CA,2022-09-02 04:59:54,47.6666,-52.7314,71.38,97,100,20.71
23,Harrai,IN,2022-09-02 04:59:54,22.6167,79.2167,83.1,73,100,3.67
24,Thompson,CA,2022-09-02 04:59:55,55.7435,-97.8558,57.36,77,20,14.97
25,Asau,RO,2022-09-02 04:59:55,46.4333,26.4,54.52,94,100,2.77
26,Hambantota,LK,2022-09-02 04:59:55,6.1241,81.1185,84.54,74,40,13.8
27,Moose Factory,CA,2022-09-02 04:59:56,51.2585,-80.6094,51.78,71,0,5.75
28,Barrow,US,2022-09-02 04:59:56,71.2906,-156.7887,37.65,94,100,14.74
29,Cidreira,BR,2022-09-02 04:59:57,-30.1811,-50.2056,61.03,90,92,8.97
30,Ushuaia,AR,2022-09-02 04:57:14,-54.8,-68.3,35.26,80,20,8.05
31,Peachland,CA,2022-09-02 04:59:57,49.7665,-119.7357,78.19,45,0,3.0
32,Cape Town,ZA,2022-09-02 04:58:59,-33.9258,18.4232,57.88,72,75,12.66
33,Dzhebariki-Khaya,RU,2022-09-02 04:59:57,62.2167,135.8,45.43,93,100,7.52
34,Tuktoyaktuk,CA,2022-09-02 04:59:58,69.4541,-133.0374,59.0,77,75,6.91
35,Saint-Philippe,RE,2022-09-02 04:59:58,-21.3585,55.7679,69.22,72,50,10.8
36,Khatanga,RU,2022-09-02 04:59:58,71.9667,102.5,38.07,94,100,14.85
37,Asheboro,US,2022-09-02 04:59:59,35.7079,-79.8136,67.03,82,0,0.0
38,Ornskoldsvik,SE,2022-09-02 04:59:59,63.2909,18.7153,40.15,87,0,8.05
39,Egvekinot,RU,2022-09-02 04:59:59,66.3167,-179.1667,41.58,67,80,7.7
40,East London,ZA,2022-09-02 04:59:59,-33.0153,27.9116,63.54,72,0,12.66
41,Pahalgam,IN,2022-09-02 05:00:00,34.0333,75.3333,66.11,71,9,6.51
42,Hobart,AU,2022-09-02 05:00:00,-42.8794,147.3294,57.06,56,20,14.97
43,Lagoa,PT,2022-09-02 05:00:00,39.05,-27.9833,71.04,73,28,14.9
44,Iqaluit,CA,2022-09-02 05:00:01,63.7506,-68.5145,38.7,100,100,8.01
45,General Roca,AR,2022-09-02 05:00:01,-39.0333,-67.5833,50.88,31,0,3.58
46,Juruti,BR,2022-09-02 05:00:02,-2.1522,-56.0922,78.71,65,61,1.32
47,Zhigansk,RU,2022-09-02 05:00:03,66.7697,123.3711,43.32,85,100,11.7
48,Soc Trang,VN,2022-09-02 04:57:10,9.6033,105.98,88.66,64,83,6.71
49,Victoria,HK,2022-09-02 05:01:04,22.2855,114.1577,89.96,66,97,10.0
50,Qasigiannguit,GL,2022-09-02 05:01:04,68.8193,-51.1922,50.25,92,100,3.36
51,Provideniya,RU,2022-09-02 05:01:05,64.3833,-173.3,46.51,93,100,18.01
52,Bluff,NZ,2022-09-02 05:01:05,-46.6,168.3333,57.79,75,80,6.73
53,Warrington,GB,2022-09-02 05:01:05,53.3925,-2.5802,60.87,88,9,10.36
54,Nouadhibou,MR,2022-09-02 05:01:06,20.931,-17.0347,74.3,89,31,7.74
55,Punta Arenas,CL,2022-09-02 05:00:16,-53.15,-70.9167,39.11,86,92,5.75
56,Padang,ID,2022-09-02 05:01:06,-0.9492,100.3543,80.65,79,100,4.41
57,Puerto Ayora,EC,2022-09-02 05:01:06,-0.7393,-90.3518,68.56,92,78,4.0
58,Upernavik,GL,2022-09-02 05:01:07,72.7868,-56.1549,40.24,60,98,6.31
59,Jamestown,US,2022-09-02 05:01:07,42.097,-79.2353,56.71,56,0,3.51
60,Husavik,IS,2022-09-02 05:01:08,66.0449,-17.3389,45.23,95,100,10.47
61,Bukama,CD,2022-09-02 05:01:08,-9.2,25.85,77.0,38,65,4.23
62,Ohara,JP,2022-09-02 05:01:09,35.25,140.3833,75.06,91,87,13.24
63,Butaritari,KI,2022-09-02 05:01:09,3.0707,172.7902,81.48,77,30,17.47
64,Kodiak,US,2022-09-02 05:01:09,57.79,-152.4072,51.39,84,87,1.81
65,Hami,CN,2022-09-02 05:01:10,42.8,93.45,84.54,14,1,8.66
66,Isabela,PH,2022-09-02 05:01:10,6.7085,121.9711,85.46,74,96,4.03
67,Ponta Do Sol,PT,2022-09-02 05:01:11,32.6667,-17.1,75.0,83,36,2.42
68,Hermanus,ZA,2022-09-02 05:01:11,-34.4187,19.2345,53.92,77,16,11.01
69,Traian,RO,2022-09-02 05:01:11,46.6333,27.0333,56.91,88,75,6.91
70,Bangassou,CF,2022-09-02 05:01:12,4.7413,22.8184,65.79,99,84,2.71
71,Verkhoyansk,RU,2022-09-02 05:01:12,67.5447,133.385,53.96,40,100,9.08
72,Tolosa,FR,2022-09-02 05:00:05,43.6043,1.4437,69.78,73,0,6.91
73,Santa Isabel Do Rio Negro,BR,2022-09-02 05:01:12,-0.4139,-65.0192,71.96,94,41,2.46
74,Atuona,PF,2022-09-02 05:01:13,-9.8,-139.0333,76.46,73,13,24.0
75,Ambon,ID,2022-09-02 05:01:13,-3.6954,128.1814,82.54,83,40,2.3
76,Touros,BR,2022-09-02 05:01:13,-5.1989,-35.4608,72.41,87,78,13.91
77,Maningrida,AU,2022-09-02 05:01:14,-12.0667,134.2667,89.74,48,12,11.7
78,Grindavik,IS,2022-09-02 05:01:14,63.8424,-22.4338,46.87,87,0,14.97
79,Dutlwe,BW,2022-09-02 05:01:15,-23.9833,23.9,48.79,38,0,12.88
80,Shiyan,CN,2022-09-02 05:00:24,32.6475,110.7781,79.7,52,50,7.27
81,Codrington,AU,2022-09-02 05:01:15,-38.2667,141.9667,51.94,62,75,12.46
82,Hilo,US,2022-09-02 04:57:29,19.7297,-155.09,77.29,89,44,1.99
83,Norman Wells,CA,2022-09-02 05:01:15,65.282,-126.8329,55.44,61,78,1.52
84,Mus,TR,2022-09-02 05:01:16,39.0,41.75,78.64,14,34,1.59
85,Mar Del Plata,AR,2022-09-02 05:00:32,-38.0023,-57.5575,48.09,84,79,17.0
86,Samarkand,UZ,2022-09-02 05:01:16,39.6542,66.9597,80.02,26,0,11.5
87,Voh,NC,2022-09-02 05:01:16,-20.9667,164.7,76.15,65,77,6.06
88,Ust-Omchug,RU,2022-09-02 05:01:17,61.15,149.6333,53.94,87,100,9.71
89,Nuuk,GL,2022-09-02 05:01:17,64.1835,-51.7216,57.81,77,75,8.05
90,Yazd,IR,2022-09-02 05:00:30,31.8972,54.3675,75.31,13,0,4.61
91,Waipawa,NZ,2022-09-02 05:02:17,-41.4122,175.5153,52.9,74,97,16.28
92,Chuy,UY,2022-09-02 05:02:18,-33.6971,-53.4616,55.13,98,100,5.12
93,Kissidougou,GN,2022-09-02 05:02:18,9.1848,-10.0999,66.94,98,99,3.04
94,Srednekolymsk,RU,2022-09-02 05:02:18,67.45,153.6833,63.93,41,100,12.46
95,Port Blair,IN,2022-09-02 05:00:03,11.6667,92.75,87.84,70,40,4.61
96,Saskylakh,RU,2022-09-02 05:02:19,71.9167,114.0833,41.63,72,100,21.83
97,Road Town,VG,2022-09-02 04:57:35,18.4167,-64.6167,82.45,74,4,17.02
98,Maniitsoq,GL,2022-09-02 05:02:19,65.4167,-52.9,47.98,89,100,20.36
99,Carnarvon,AU,2022-09-02 05:00:14,-24.8667,113.6333,68.43,75,100,24.79
100,Merke,KZ,2022-09-02 05:02:19,42.8728,73.1786,84.13,18,0,8.66
101,Tautira,PF,2022-09-02 05:02:20,-17.7333,-149.15,77.68,72,37,17.25
102,Grand-Santi,GF,2022-09-02 05:02:20,4.25,-54.3833,71.96,99,68,2.84
103,Dikson,RU,2022-09-02 05:02:20,73.5069,80.5464,40.42,78,100,15.7
104,Sakaiminato,JP,2022-09-02 05:02:21,35.55,133.2333,74.32,84,100,17.85
105,Orlik,RU,2022-09-02 05:02:21,52.5178,99.825,63.37,41,91,9.64
106,Erenhot,CN,2022-09-02 05:02:21,43.6475,111.9767,78.66,18,100,9.37
107,Mabaruma,GY,2022-09-02 05:02:22,8.2,-59.7833,72.97,98,42,2.51
108,Teacapan,MX,2022-09-02 05:02:22,22.55,-105.75,78.8,89,100,7.45
109,Homer,US,2022-09-02 05:02:22,59.6425,-151.5483,54.81,76,93,5.01
110,Severo-Kurilsk,RU,2022-09-02 05:02:22,50.6789,156.125,54.43,77,100,9.33
111,Yambio,SS,2022-09-02 05:02:23,4.5721,28.3955,67.03,98,97,3.33
112,Tessalit,ML,2022-09-02 05:02:23,20.1986,1.0114,84.25,45,11,11.14
113,Krasnopavlivka,UA,2022-09-02 05:02:23,49.1372,36.3272,58.23,46,40,8.46
114,Abu Dhabi,AE,2022-09-02 04:58:28,24.4667,54.3667,86.02,82,5,8.05
115,Betul,IN,2022-09-02 05:02:24,21.9153,77.8961,82.69,72,100,5.73
116,Biak,ID,2022-09-02 05:02:24,-0.9131,122.8766,82.8,69,23,7.83
117,Cabo Rojo,PR,2022-09-02 05:02:24,18.0866,-67.1457,78.94,87,4,6.69
118,Saint Anthony,US,2022-09-02 05:02:24,45.0205,-93.218,77.54,82,0,1.99
119,Castro,BR,2022-09-02 05:02:25,-24.7911,-50.0119,55.6,68,0,3.58
120,Conde,BR,2022-09-02 05:02:25,-7.2597,-34.9075,69.75,90,48,9.19
121,Lake Cowichan,CA,2022-09-02 05:02:25,48.825,-124.0546,65.28,80,3,1.77
122,Tigil,RU,2022-09-02 05:02:26,57.8,158.6667,64.38,70,90,2.46
123,Kibala,TD,2022-09-02 05:02:26,9.1104,18.3463,70.0,98,99,4.16
124,Qaanaaq,GL,2022-09-02 05:02:27,77.484,-69.3632,30.99,65,91,6.22
125,Vila Velha,BR,2022-09-02 04:59:46,-20.3297,-40.2925,63.95,87,0,3.44
126,New Norfolk,AU,2022-09-02 05:02:27,-42.7826,147.0587,56.7,63,69,4.0
127,Muisne,EC,2022-09-02 05:02:27,0.6,-80.0333,74.08,86,100,7.02
128,Mount Isa,AU,2022-09-02 05:02:28,-20.7333,139.5,65.97,68,100,19.57
129,Burnie,AU,2022-09-02 05:02:28,-41.0667,145.9167,58.91,43,68,10.31
130,Narsaq,GL,2022-09-02 05:02:28,60.9167,-46.05,46.62,55,23,5.68
131,Richards Bay,ZA,2022-09-02 05:02:29,-28.783,32.0377,61.23,66,0,14.45
132,Camacha,PT,2022-09-02 05:02:29,33.0833,-16.3333,67.42,88,20,3.44
133,Port Hedland,AU,2022-09-02 05:02:29,-20.3167,118.5667,82.45,51,100,17.27
134,Hamilton,US,2022-09-02 05:02:30,39.1834,-84.5333,72.0,87,95,3.33
135,Swan River,CA,2022-09-02 05:02:30,52.1058,-101.2676,59.95,56,43,17.96
136,Nizhniy Kuranakh,RU,2022-09-02 05:03:30,58.8353,125.4869,47.98,64,83,11.59
137,Labis,MY,2022-09-02 05:03:31,2.385,103.021,84.52,74,74,7.29
138,Namibe,AO,2022-09-02 05:03:31,-15.1961,12.1522,60.55,91,90,4.36
139,Cockburn Town,TC,2022-09-02 05:00:43,21.4612,-71.1419,82.65,74,1,18.1
140,Ahipara,NZ,2022-09-02 05:03:31,-35.1667,173.1667,57.78,62,23,6.46
141,Koppang,NO,2022-09-02 05:03:32,61.5706,11.0555,47.53,70,100,3.13
142,Saint-Augustin,CA,2022-09-02 05:03:32,51.226,-58.6502,57.99,94,64,7.02
143,Veinticinco De Mayo,AR,2022-09-02 05:03:32,-35.4323,-60.1727,44.98,82,100,4.0
144,Police,PL,2022-09-02 05:03:33,53.5521,14.5718,54.54,93,0,5.28
145,Bredasdorp,ZA,2022-09-02 05:03:33,-34.5322,20.0403,46.83,91,3,5.21
146,Jalu,LY,2022-09-02 05:03:33,29.0331,21.5482,78.53,53,0,5.95
147,Prince Rupert,CA,2022-09-02 05:03:25,54.3161,-130.3201,57.51,84,14,1.61
148,Belmonte,BR,2022-09-02 05:03:33,-15.8631,-38.8828,69.1,81,86,9.24
149,Rawson,AR,2022-09-02 05:03:34,-43.3002,-65.1023,49.15,40,0,7.07
150,Ancud,CL,2022-09-02 05:03:34,-41.8697,-73.8203,40.39,86,6,4.52
151,Erseke,AL,2022-09-02 05:03:34,40.3378,20.6789,60.03,86,97,2.57
152,Port Elizabeth,ZA,2022-09-02 04:59:23,-33.918,25.5701,59.31,91,75,17.27
153,Gomel,BY,2022-09-02 05:00:00,52.4345,30.9754,47.82,87,0,6.71
154,Edgewater,US,2022-09-02 05:03:35,28.9889,-80.9023,77.04,86,100,2.06
155,Yarkovo,RU,2022-09-02 05:03:35,57.4028,67.0786,61.63,77,99,11.21
156,Seydi,TM,2022-09-02 05:03:35,39.4816,62.9137,91.76,8,0,14.76
157,Albany,US,2022-09-02 05:00:17,42.6001,-73.9662,56.03,79,0,4.0
158,Bengkulu,ID,2022-09-02 05:03:36,-3.8004,102.2655,79.02,79,100,12.28
159,Muroto,JP,2022-09-02 05:03:36,33.2833,134.15,81.82,79,66,13.2
160,Pitimbu,BR,2022-09-02 05:03:36,-7.4706,-34.8086,73.35,85,51,13.27
161,Jizan,SA,2022-09-02 05:03:37,17.3333,42.6667,88.65,70,1,3.91
162,Ouadda,CF,2022-09-02 05:03:37,8.0777,22.4007,65.84,98,92,2.8
163,Luderitz,NA,2022-09-02 04:59:38,-26.6481,15.1594,53.65,95,1,6.51
164,Cabo San Lucas,MX,2022-09-02 05:00:07,22.8909,-109.9124,83.52,85,100,8.01
165,San Cristobal,VE,2022-09-02 05:03:37,7.7669,-72.225,65.95,97,51,1.83
166,Dunedin,NZ,2022-09-02 05:03:37,-45.8742,170.5036,53.8,77,100,1.01
167,Mora,CM,2022-09-02 05:03:38,11.0461,14.1401,71.19,93,100,2.75
168,Mayumba,GA,2022-09-02 05:03:38,-3.432,10.6554,73.35,83,78,3.42
169,Gawler,AU,2022-09-02 05:00:13,-34.6,138.7333,57.25,68,9,11.61
170,San Jose De Guanipa,VE,2022-09-02 05:03:38,8.8872,-64.1651,74.14,88,68,4.29
171,Pinega,RU,2022-09-02 05:03:39,64.7001,43.3936,40.51,97,100,10.8
172,Merauke,ID,2022-09-02 05:03:39,-8.4667,140.3333,80.62,82,98,12.68
173,La Paz,BO,2022-09-02 05:02:32,-16.5,-68.15,44.06,76,1,3.67
174,Partizanskoye,RU,2022-09-02 05:03:39,55.5006,94.39,69.21,59,100,19.24
175,Deputatskiy,RU,2022-09-02 05:03:40,69.3,139.9,34.93,98,100,3.42
176,Necochea,AR,2022-09-02 05:03:40,-38.5473,-58.7368,47.23,80,93,16.84
177,Tiszaeszlar,HU,2022-09-02 05:03:40,48.05,21.4667,58.84,51,99,10.58
178,Souillac,MU,2022-09-02 05:03:41,-20.5167,57.5167,71.11,66,62,14.23
179,Varca,IN,2022-09-02 05:03:41,15.2167,73.9167,84.42,76,84,6.8
180,Kruisfontein,ZA,2022-09-02 05:03:41,-34.0033,24.7314,56.88,84,92,11.3
181,Varzelandia,BR,2022-09-02 05:04:42,-15.7014,-44.0275,58.6,67,0,8.1
182,Gaziantep,TR,2022-09-02 05:04:42,37.0594,37.3825,80.53,34,0,0.0
183,Yantai,CN,2022-09-02 05:04:42,37.5333,121.4,73.81,52,57,6.73
184,Vostok,RU,2022-09-02 05:04:43,46.4856,135.8833,63.23,47,0,9.75
185,Gimli,CA,2022-09-02 05:04:43,50.6336,-96.9907,75.88,49,63,5.03
186,Quzhou,CN,2022-09-02 05:04:43,28.9594,118.8686,78.73,61,41,7.83
187,Iwaki,JP,2022-09-02 05:04:44,37.05,140.8833,79.77,92,98,6.4
188,Tiksi,RU,2022-09-02 05:04:44,71.6872,128.8694,39.63,83,100,23.02
189,Khandbari,NP,2022-09-02 05:04:44,27.3747,87.2039,76.14,84,97,1.3
190,Brae,GB,2022-09-02 05:03:12,60.3964,-1.353,53.46,95,72,8.23
191,Madingou,CG,2022-09-02 05:04:44,-4.1536,13.55,72.45,74,95,2.13
192,Talnakh,RU,2022-09-02 05:04:45,69.4865,88.3972,47.21,60,38,0.34
193,Cabra,ES,2022-09-02 05:04:45,37.4725,-4.4421,69.84,46,100,2.28
194,Aitape,PG,2022-09-02 05:04:46,-3.1374,142.3475,85.5,68,100,10.83
195,Leh,IN,2022-09-02 05:04:46,34.1667,77.5833,63.97,41,18,6.69
196,Correia Pinto,BR,2022-09-02 05:04:46,-27.5847,-50.3611,52.03,97,40,2.68
197,Pangnirtung,CA,2022-09-02 05:04:47,66.1451,-65.7125,42.84,97,100,1.74
198,Tuatapere,NZ,2022-09-02 05:04:47,-46.1333,167.6833,54.91,75,59,2.51
199,Caruray,PH,2022-09-02 05:04:47,10.3094,119.0128,83.73,80,100,8.37
200,Bethel,US,2022-09-02 05:04:48,41.3712,-73.414,63.48,66,0,3.44
201,Bocana De Paiwas,NI,2022-09-02 05:04:48,12.7857,-85.1227,72.61,97,100,3.27
202,Dossor,KZ,2022-09-02 05:04:48,47.5272,52.9811,89.53,27,16,11.99
203,Sorland,NO,2022-09-02 05:04:48,67.667,12.6934,52.18,66,8,14.03
204,Dinghai,CN,2022-09-02 05:04:49,26.2847,119.7936,84.16,58,89,13.6
205,Mafinga,TZ,2022-09-02 05:04:49,-7.25,35.0667,66.22,47,4,9.31
206,Te Anau,NZ,2022-09-02 05:04:50,-45.4167,167.7167,54.7,66,44,6.08
207,Coihaique,CL,2022-09-02 05:03:13,-45.5752,-72.0662,36.55,97,80,5.61
208,Pajapan,MX,2022-09-02 05:04:50,18.25,-94.7,76.17,87,100,4.68
209,Hobyo,SO,2022-09-02 05:04:50,5.3505,48.5268,77.68,72,52,23.4
210,Nikolskoye,RU,2022-09-02 05:04:50,59.7035,30.7861,46.87,86,100,9.51
211,Frontera,MX,2022-09-02 05:04:51,26.9333,-101.45,78.33,77,97,1.99
212,Ngorongoro,TZ,2022-09-02 05:04:51,-3.2397,35.4875,48.92,76,4,7.47
213,Tomatlan,MX,2022-09-02 05:04:51,19.9333,-105.25,75.0,93,97,3.11
214,Masloc,RO,2022-09-02 05:04:52,45.9981,21.4497,58.17,96,100,5.61
215,Saint-Francois,FR,2022-09-02 05:04:52,46.4154,3.9054,54.84,88,0,1.14
216,Kuna,US,2022-09-02 05:04:52,43.4918,-116.4201,79.41,31,0,4.61
217,San Carlos,VE,2022-09-02 05:04:53,9.6612,-68.5827,71.65,96,35,2.73
218,Klaksvik,FO,2022-09-02 05:04:53,62.2266,-6.589,54.52,96,100,18.43
219,Gushikawa,JP,2022-09-02 05:04:53,26.3544,127.8686,85.59,76,20,19.57
220,Plast,RU,2022-09-02 05:04:54,54.3691,60.8136,83.28,23,83,13.02
221,Mengen,DE,2022-09-02 05:04:54,48.0495,9.3301,50.65,95,38,6.44
222,Puerto Maldonado,PE,2022-09-02 05:04:54,-12.6,-69.1833,73.58,60,42,1.21
223,Santiago Del Estero,AR,2022-09-02 05:04:55,-27.7951,-64.2615,58.44,69,0,5.03
224,Makamba,BI,2022-09-02 05:04:55,-4.1348,29.804,65.91,60,65,4.43
225,Longyearbyen,SJ,2022-09-02 05:04:56,78.2186,15.6401,42.64,87,75,0.0
226,Santa Cruz De Tenerife,ES,2022-09-02 05:05:56,28.4682,-16.2546,76.59,95,75,2.3
227,Hvide Sande,DK,2022-09-02 05:05:56,56.0045,8.1294,57.69,65,26,9.35
228,Iskateley,RU,2022-09-02 05:05:57,67.6803,53.1512,47.19,59,100,18.92
229,Esperance,AU,2022-09-02 05:05:57,-33.8667,121.9,59.88,64,100,17.47
230,Santa Cruz,BO,2022-09-02 05:05:57,-17.8,-63.1667,69.26,83,0,6.91
231,Roald,NO,2022-09-02 05:01:17,62.5833,6.1333,57.76,87,75,9.22
232,San Quintin,MX,2022-09-02 05:05:58,30.4833,-115.95,76.33,70,2,2.82
233,Faya,SA,2022-09-02 05:05:58,18.3851,42.4509,72.12,28,0,9.57
234,Guariba,BR,2022-09-02 05:05:58,-21.36,-48.2283,60.1,40,0,4.41
235,Nanortalik,GL,2022-09-02 05:05:59,60.1432,-45.2371,47.82,63,15,8.05
236,Saint George,US,2022-09-02 05:01:21,37.1041,-113.5841,94.78,18,0,3.44
237,Ribeira Grande,PT,2022-09-02 05:05:59,38.5167,-28.7,72.52,79,59,14.52
238,Manokwari,ID,2022-09-02 05:05:59,-0.8667,134.0833,84.25,66,94,8.32
239,Itarema,BR,2022-09-02 05:05:18,-2.9248,-39.9167,77.79,79,24,18.9
240,Constitucion,CL,2022-09-02 05:03:10,-35.3333,-72.4167,47.57,77,0,6.64
241,Chimbote,PE,2022-09-02 05:03:14,-9.0853,-78.5783,59.77,85,85,11.14
242,Pionki,PL,2022-09-02 05:06:00,51.476,21.4499,50.83,47,26,4.74
243,Pacific Grove,US,2022-09-02 05:06:00,36.6177,-121.9166,63.25,96,40,5.99
244,Wajima,JP,2022-09-02 05:06:00,37.4,136.9,75.72,64,100,16.44
245,Xuzhou,CN,2022-09-02 05:06:01,34.1805,117.1571,83.61,49,0,10.16
246,Tevaitoa,PF,2022-09-02 05:01:18,-16.7833,-151.5,78.57,70,1,16.2
247,Kimbe,PG,2022-09-02 05:06:01,-5.5502,150.1429,88.16,60,99,5.77
248,Huittinen,FI,2022-09-02 05:06:01,61.1833,22.7,40.78,79,12,5.66
249,Wukari,NG,2022-09-02 05:06:02,7.85,9.7833,70.27,98,100,4.7
250,Turukhansk,RU,2022-09-02 05:06:02,65.8167,87.9833,54.3,56,59,4.18
251,Dombarovskiy,RU,2022-09-02 05:06:02,50.7587,59.5386,88.75,14,42,19.42
252,Sosnovo-Ozerskoye,RU,2022-09-02 05:06:03,52.5249,111.5418,69.04,37,57,16.11
253,Lebu,CL,2022-09-02 05:06:03,-37.6167,-73.65,45.82,89,9,16.33
254,Krithia,GR,2022-09-02 05:06:03,40.8411,22.9778,74.3,81,94,3.13
255,Hay River,CA,2022-09-02 05:06:04,60.8156,-115.7999,54.21,78,100,9.75
256,Ihosy,MG,2022-09-02 05:06:04,-22.4,46.1167,58.77,76,72,14.03
257,Valparaiso,CL,2022-09-02 05:04:16,-33.0393,-71.6273,55.99,86,0,5.75
258,Staraya Poltavka,RU,2022-09-02 05:06:04,50.4772,46.4814,69.46,54,22,11.56
259,Georgetown,MY,2022-09-02 05:03:10,5.4112,100.3354,86.9,74,20,8.05
260,Ust-Nera,RU,2022-09-02 05:06:05,64.5667,143.2,50.31,62,98,9.44
261,Port Lincoln,AU,2022-09-02 05:06:05,-34.7333,135.8667,54.14,56,97,15.57
262,Zavetnoye,RU,2022-09-02 05:06:06,47.1194,43.8903,74.61,54,4,14.41
263,Inhambane,MZ,2022-09-02 05:06:06,-23.865,35.3833,65.43,57,39,2.75
264,Marawi,PH,2022-09-02 05:06:06,7.9986,124.2928,84.85,58,99,4.34
265,Hasaki,JP,2022-09-02 05:06:07,35.7333,140.8333,77.29,90,98,17.25
266,Kamenka,RU,2022-09-02 05:06:07,51.3223,42.7678,58.24,42,1,10.51
267,Piuma,BR,2022-09-02 05:06:07,-20.8378,-40.7219,61.65,80,0,6.93
268,Komsomolskiy,UZ,2022-09-02 05:06:08,40.4272,71.7189,83.12,28,0,4.61
269,Vestmannaeyjar,IS,2022-09-02 05:06:08,63.4427,-20.2734,46.69,79,37,12.28
270,Lannion,FR,2022-09-02 05:02:21,48.75,-3.4167,63.14,96,80,3.29
271,Yellowknife,CA,2022-09-02 05:01:46,62.456,-114.3525,51.57,81,100,11.99
272,Katobu,ID,2022-09-02 05:06:08,-4.9408,122.5276,86.09,63,33,8.81
273,Etaples,FR,2022-09-02 05:06:09,50.5219,1.6332,62.47,59,94,4.61
274,Tura,IN,2022-09-02 05:06:09,25.5198,90.2201,77.45,92,87,4.81
275,Gombong,ID,2022-09-02 05:07:09,-7.6072,109.5142,87.31,63,28,7.56
276,Naze,JP,2022-09-02 05:04:07,28.3667,129.4833,80.53,83,61,21.61
277,Kargil,IN,2022-09-02 05:07:10,34.5667,76.1,62.37,32,9,3.67
278,Altamira,BR,2022-09-02 05:03:48,-3.2033,-52.2064,74.75,74,25,3.6
279,Svetlogorsk,BY,2022-09-02 05:07:10,52.6333,29.7333,45.99,70,7,5.37
280,Sitka,US,2022-09-02 05:07:10,57.0531,-135.33,57.09,82,100,6.91
281,Arraial Do Cabo,BR,2022-09-02 05:07:11,-22.9661,-42.0278,67.32,78,0,24.38
282,Diamantino,BR,2022-09-02 05:07:11,-14.4086,-56.4461,76.19,32,0,6.62
283,Santa Fe,AR,2022-09-02 05:07:11,-31.6333,-60.7,62.02,84,72,8.01
284,Nome,US,2022-09-02 05:07:12,64.5011,-165.4064,53.67,87,100,5.75
285,Changli,CN,2022-09-02 05:07:12,39.7042,119.1506,77.38,52,0,2.55
286,Kalmunai,LK,2022-09-02 05:07:12,7.4167,81.8167,84.25,67,77,2.37
287,Beruwala,LK,2022-09-02 05:07:13,6.4788,79.9828,80.13,79,40,8.97
288,Tolaga Bay,NZ,2022-09-02 05:07:13,-38.3667,178.3,58.66,66,12,3.24
289,Gizo,SB,2022-09-02 05:07:13,-8.103,156.8419,82.13,75,67,7.47
290,Regina,CA,2022-09-02 05:04:01,50.4501,-104.6178,68.99,28,34,20.0
291,Nanning,CN,2022-09-02 05:07:14,22.8167,108.3167,90.16,53,64,4.16
292,Hualmay,PE,2022-09-02 05:07:14,-11.0964,-77.6139,59.36,83,24,8.63
293,Morant Bay,JM,2022-09-02 05:07:15,17.8815,-76.4093,80.22,80,100,6.67
294,Katangli,RU,2022-09-02 05:07:15,51.7102,143.2326,64.02,77,82,2.57
295,Belaya Gora,RU,2022-09-02 05:07:15,68.5333,146.4167,45.68,64,100,16.84
296,Fare,PF,2022-09-02 05:07:16,-16.7,-151.0167,78.26,73,1,16.26
297,Palana,RU,2022-09-02 05:07:16,59.1167,159.9667,53.19,91,100,9.31
298,Tommot,RU,2022-09-02 05:07:16,58.9564,126.2925,48.2,66,84,11.79
299,Kudahuvadhoo,MV,2022-09-02 05:07:17,2.6708,72.8944,82.22,74,91,19.98
300,Kurilsk,RU,2022-09-02 05:07:17,45.2333,147.8833,61.32,94,59,7.72
301,Broken Hill,AU,2022-09-02 05:04:04,-31.95,141.4333,56.68,48,47,19.44
302,Inuvik,CA,2022-09-02 05:07:17,68.3499,-133.7218,60.39,54,100,6.26
303,Grand Gaube,MU,2022-09-02 05:07:18,-20.0064,57.6608,72.37,63,9,5.01
304,Flin Flon,CA,2022-09-02 05:07:18,54.7682,-101.865,54.77,63,51,21.45
305,Karachi,PK,2022-09-02 05:02:55,24.9056,67.0822,85.82,70,75,5.75
306,Kristiinankaupunki,FI,2022-09-02 05:07:18,62.2743,21.376,44.01,72,11,6.8
307,Ostrovnoy,RU,2022-09-02 05:07:19,68.0531,39.5131,47.26,79,100,22.28
308,Weymouth,US,2022-09-02 05:07:19,42.2209,-70.9398,63.0,65,0,12.66
309,Hatillo,PR,2022-09-02 05:07:19,18.4863,-66.8254,79.05,93,14,3.0
310,Pochutla,MX,2022-09-02 05:07:20,15.7432,-96.4661,76.82,91,100,3.56
311,Hanyang,CN,2022-09-02 05:07:20,32.1371,105.5126,66.15,87,100,2.73
312,Buala,SB,2022-09-02 05:07:21,-8.145,159.5921,81.95,74,81,6.13
313,Praia,CV,2022-09-02 05:07:21,14.9215,-23.5087,78.89,86,90,12.64
314,Kodinsk,RU,2022-09-02 05:07:21,58.6881,99.1844,53.85,49,100,4.09
315,Tondano,ID,2022-09-02 05:07:21,1.3038,124.9112,80.69,58,62,5.86
316,Isiro,CD,2022-09-02 05:07:22,2.7739,27.616,65.16,100,100,0.76
317,Bom Jesus,BR,2022-09-02 05:07:22,-9.0744,-44.3586,69.17,61,2,5.01
318,Aksu,CN,2022-09-02 05:07:22,41.1231,80.2644,80.69,26,9,1.95
319,Naliya,IN,2022-09-02 05:07:15,23.2667,68.8333,84.49,67,76,8.39
320,Ust-Maya,RU,2022-09-02 05:08:23,60.4167,134.5333,60.22,42,91,5.91
321,Ilulissat,GL,2022-09-02 05:08:23,69.2167,-51.1,50.02,57,100,11.5
322,Taoudenni,ML,2022-09-02 05:08:23,22.6783,-3.9836,92.89,18,36,10.85
323,Tilichiki,RU,2022-09-02 05:08:24,60.4667,166.1,52.41,86,100,5.17
324,Wajir,KE,2022-09-02 05:08:24,1.7471,40.0573,73.98,66,5,17.94
325,Sonqor,IR,2022-09-02 05:08:24,34.7837,47.6004,78.55,12,0,3.33
326,Ermelo,ZA,2022-09-02 05:08:25,-26.5333,29.9833,44.74,55,0,5.1
327,Cherskiy,RU,2022-09-02 05:08:25,68.75,161.3,54.43,36,63,6.93
328,Mason City,US,2022-09-02 05:03:46,43.1536,-93.201,69.33,85,0,6.91
329,Nelson Bay,AU,2022-09-02 05:08:25,-32.7167,152.15,64.0,97,100,8.99
330,Moroto,UG,2022-09-02 05:08:25,2.5345,34.6666,67.6,62,34,3.67
331,Kavieng,PG,2022-09-02 05:08:26,-2.5744,150.7967,83.75,70,97,11.45
332,Chiredzi,ZW,2022-09-02 05:08:26,-21.05,31.6667,56.19,74,0,1.54
333,Sinnamary,GF,2022-09-02 05:08:26,5.3833,-52.95,77.04,89,45,9.95
334,Cayenne,GF,2022-09-02 05:08:27,4.9333,-52.3333,73.44,100,20,0.0
335,Neiafu,TO,2022-09-02 05:08:27,-18.65,-173.9833,77.68,69,75,5.75
336,Tambopata,PE,2022-09-02 05:08:27,-12.7333,-69.1833,73.65,61,55,1.41
337,Vorukh,TJ,2022-09-02 05:08:28,39.8494,70.5838,76.21,23,0,5.75
338,San Joaquin,US,2022-09-02 05:08:28,37.9333,-121.3011,87.51,33,0,10.36
339,Harper,LR,2022-09-02 05:08:28,4.375,-7.7169,73.81,88,43,5.35
340,Muros,ES,2022-09-02 05:08:29,42.7762,-9.0603,62.69,94,19,3.33
341,Nueve De Julio,AR,2022-09-02 05:08:29,-35.4444,-60.8831,46.96,70,98,8.99
342,Solano,US,2022-09-02 05:08:29,38.2333,-121.9511,82.27,37,0,12.66
343,Faanui,PF,2022-09-02 05:08:30,-16.4833,-151.75,78.71,70,1,16.08
344,Marsabit,KE,2022-09-02 05:08:30,2.3284,37.9899,60.44,74,19,20.38
345,Bisho,ZA,2022-09-02 05:08:30,-32.8472,27.4422,65.71,59,52,3.69
346,Alugan,PH,2022-09-02 05:08:30,12.2188,125.4808,88.25,67,100,13.91
347,Benguela,AO,2022-09-02 05:08:31,-12.5763,13.4055,66.94,91,94,0.6
348,Aksarka,RU,2022-09-02 05:08:31,66.5606,67.7975,51.08,51,93,9.06
349,Berlevag,NO,2022-09-02 05:08:31,70.8578,29.0864,46.35,81,75,20.71
350,Talaya,RU,2022-09-02 05:08:32,61.3833,152.75,60.31,66,99,17.94
351,Ambo,PE,2022-09-02 05:08:32,-10.1308,-76.2047,58.23,87,50,1.01
352,Lobito,AO,2022-09-02 05:08:32,-12.3481,13.5456,67.39,91,97,0.45
353,Dingle,PH,2022-09-02 05:08:33,10.9995,122.6711,86.34,73,100,16.42
354,Karpathos,GR,2022-09-02 05:08:33,35.507,27.2132,78.76,78,20,17.27
355,Friesach,AT,2022-09-02 05:08:33,46.9553,14.4058,51.98,94,12,2.62
356,Rudnya,RU,2022-09-02 05:08:34,54.947,31.0934,43.14,86,64,9.28
357,Katsuura,JP,2022-09-02 05:08:34,35.1333,140.3,77.02,86,73,7.23
358,Ligayan,PH,2022-09-02 05:08:34,4.6533,119.4706,84.0,73,100,10.25
359,Axim,GH,2022-09-02 05:08:35,4.8699,-2.2405,73.62,92,100,5.41
360,Tatawin,TN,2022-09-02 05:08:35,32.9297,10.4518,75.87,69,0,5.88
361,Akyab,MM,2022-09-02 05:08:35,20.15,92.9,86.58,71,50,8.25
362,Nemuro,JP,2022-09-02 05:08:35,43.3236,145.575,66.87,86,66,15.37
363,Omboue,GA,2022-09-02 05:08:36,-1.5746,9.2618,72.95,87,99,5.79
364,San Juan,AR,2022-09-02 05:08:36,-31.5375,-68.5364,57.22,28,81,14.5
365,Hovd,MN,2022-09-02 05:08:36,48.0056,91.6419,69.22,23,1,5.06
366,Oranjestad,AW,2022-09-02 05:09:37,12.524,-70.027,82.35,74,20,12.66
367,Puerto Narino,CO,2022-09-02 05:09:37,-3.7703,-70.3831,75.56,80,94,2.08
368,Severo-Yeniseyskiy,RU,2022-09-02 05:09:37,60.3725,93.0408,43.41,67,100,3.83
369,Kankon,IN,2022-09-02 05:09:38,15.0167,74.0167,83.03,79,92,8.77
370,Sehithwa,BW,2022-09-02 05:09:38,-20.4667,22.7167,51.82,41,0,7.16
371,Rudnogorsk,RU,2022-09-02 05:09:38,57.2639,103.7519,52.54,52,100,4.09
372,Sao Filipe,CV,2022-09-02 05:09:39,14.8961,-24.4956,77.95,86,100,8.1
373,Jacqueville,CI,2022-09-02 05:09:39,5.2052,-4.4146,73.87,92,100,8.32
374,Mitsamiouli,KM,2022-09-02 05:09:39,-11.3847,43.2844,74.68,70,7,7.43
375,Ambovombe,MG,2022-09-02 05:09:39,-25.1667,46.0833,67.14,59,65,16.17
376,Kilindoni,TZ,2022-09-02 05:09:40,-7.9139,39.6668,74.89,76,26,23.85
377,Fortuna,US,2022-09-02 05:09:40,40.5982,-124.1573,58.93,91,100,3.44
378,Ixtapa,MX,2022-09-02 05:09:40,20.7,-105.2,76.3,93,100,3.27
379,Tuensang,IN,2022-09-02 05:09:41,26.2833,94.8333,77.95,93,96,2.15
380,Saldanha,ZA,2022-09-02 05:09:41,-33.0117,17.9442,55.67,74,100,10.22
381,Namatanai,PG,2022-09-02 05:09:41,-3.6667,152.4333,83.61,70,100,9.13
382,Obra,IN,2022-09-02 05:07:23,24.4167,82.9833,89.67,62,88,6.15
383,Adrar,MR,2022-09-02 05:09:42,20.5022,-10.0711,86.43,45,8,13.18
384,Santa Rosa,PH,2022-09-02 05:09:42,14.3122,121.1114,87.1,77,100,15.75
385,Keetmanshoop,NA,2022-09-02 05:09:42,-26.5833,18.1333,63.03,37,15,6.89
386,Muzhi,RU,2022-09-02 05:09:43,65.3667,64.6667,50.05,55,96,11.52
387,Haines Junction,CA,2022-09-02 05:09:43,60.7522,-137.5108,45.59,86,100,6.87
388,Sangar,RU,2022-09-02 05:09:43,63.9242,127.4739,40.55,97,100,9.13
389,Boguchany,RU,2022-09-02 05:09:43,58.3814,97.4531,52.86,51,100,5.5
390,Beeville,US,2022-09-02 05:09:44,28.4008,-97.7483,78.3,94,0,4.61
391,Lao Cai,VN,2022-09-02 05:09:04,22.4833,103.95,89.67,65,78,2.06
392,Washougal,US,2022-09-02 05:09:44,45.5826,-122.3534,77.11,64,0,3.0
393,Caravelas,BR,2022-09-02 05:09:45,-17.7125,-39.2481,65.3,82,53,4.92
394,Sacramento,US,2022-09-02 05:06:41,38.4666,-121.3177,89.6,34,0,0.0
395,Ubala,CO,2022-09-02 05:09:45,4.7478,-72.5369,72.88,89,21,2.91
396,Qaqortoq,GL,2022-09-02 05:09:45,60.7167,-46.0333,46.44,57,12,4.79
397,Laguna,US,2022-09-02 05:09:45,38.421,-121.4238,87.64,34,0,1.01
398,Chicama,PE,2022-09-02 05:09:46,-7.8447,-79.1469,57.74,84,81,6.22
399,Wad Madani,SD,2022-09-02 05:09:46,14.4012,33.5199,78.1,66,72,10.13
400,Moussoro,TD,2022-09-02 05:09:46,13.6408,16.4901,78.58,77,100,11.27
401,Hollola,FI,2022-09-02 05:09:47,61.05,25.4333,43.59,83,97,8.01
402,Adre,TD,2022-09-02 05:09:47,13.4667,22.2,71.26,78,36,0.81
403,Meulaboh,ID,2022-09-02 05:09:47,4.1363,96.1285,84.24,64,96,5.01
404,Pokhara,NP,2022-09-02 05:05:13,28.2333,83.9833,72.0,97,100,0.16
405,Kommunisticheskiy,RU,2022-09-02 05:09:48,61.6789,64.4819,49.28,77,100,10.6
406,Airai,TL,2022-09-02 05:09:48,-8.9266,125.4092,78.13,40,2,5.79
407,Witu,KE,2022-09-02 05:09:48,-2.3889,40.4382,77.16,69,17,14.79
408,Payo,ID,2022-09-02 05:09:49,-3.7508,103.6372,84.42,74,86,2.91
409,Mattawa,US,2022-09-02 05:09:49,46.7379,-119.9028,64.4,24,0,2.44
410,Shumskiy,RU,2022-09-02 05:09:49,54.8318,99.1328,64.83,69,76,7.2
411,Monrovia,LR,2022-09-02 05:10:50,6.3005,-10.7969,74.23,86,100,5.95
412,Barra Patuca,HN,2022-09-02 05:10:50,15.8,-84.2833,77.23,87,99,6.46
413,Konin,PL,2022-09-02 05:10:50,52.2234,18.2512,50.41,79,10,6.11
414,Havre-Saint-Pierre,CA,2022-09-02 05:10:51,50.2334,-63.5986,55.76,94,100,8.05
415,Kieta,PG,2022-09-02 05:10:51,-6.2167,155.6333,83.98,71,18,5.06
416,Piacabucu,BR,2022-09-02 05:10:51,-10.4056,-36.4344,72.19,81,2,9.22
417,Trinidad,BO,2022-09-02 05:10:52,-14.8333,-64.9,76.46,44,0,3.47
418,Vigrestad,NO,2022-09-02 05:10:52,58.5667,5.7,53.58,83,43,3.67
419,Koudougou,BF,2022-09-02 05:10:52,12.25,-2.3667,73.38,91,98,7.38
420,Mecca,SA,2022-09-02 05:07:10,21.4267,39.8261,87.06,57,1,3.33
421,Pundaguitan,PH,2022-09-02 05:10:53,6.3711,126.1689,84.31,72,84,9.78
422,Khromtau,KZ,2022-09-02 05:10:53,50.2503,58.4347,84.67,16,2,22.46
423,Brandon,US,2022-09-02 05:09:44,27.9378,-82.2859,78.71,95,100,1.12
424,Abnub,EG,2022-09-02 05:10:53,27.2696,31.1511,80.49,54,0,15.05
425,Miraflores,MX,2022-09-02 05:10:54,19.2167,-98.8083,63.25,91,54,3.04
426,Aswan,EG,2022-09-02 05:10:54,24.0934,32.907,87.75,29,0,13.33
427,San Patricio,US,2022-09-02 05:10:54,28.017,-97.5169,87.84,78,72,9.33
428,Portland,US,2022-09-02 05:07:26,45.5234,-122.6762,77.25,60,0,4.0
429,Romny,UA,2022-09-02 05:10:54,50.751,33.4747,51.24,50,6,7.11
430,Pisco,PE,2022-09-02 05:10:55,-13.7,-76.2167,56.01,88,75,3.44
431,Katherine,AU,2022-09-02 05:10:55,-14.4667,132.2667,95.32,34,40,10.36
432,Mitu,CO,2022-09-02 05:09:12,1.1983,-70.1733,71.01,97,28,0.63
433,Kaka,TM,2022-09-02 05:10:55,37.3482,59.6143,89.44,11,0,6.4
434,Almaznyy,RU,2022-09-02 05:10:56,48.0448,40.045,64.04,41,0,13.56
435,Vao,NC,2022-09-02 05:10:56,-22.6667,167.4833,70.41,66,17,15.52
436,Geraldton,AU,2022-09-02 05:10:56,-28.7667,114.6,61.21,63,100,17.27
437,Freeport,US,2022-09-02 05:10:57,40.6576,-73.5832,71.96,58,0,10.36
438,Nyaunglebin,MM,2022-09-02 05:10:57,17.95,96.7333,89.08,66,30,3.38
439,Oriximina,BR,2022-09-02 05:10:57,-1.7656,-55.8661,79.45,68,83,2.77
440,Yulara,AU,2022-09-02 05:10:58,-25.2406,130.9889,70.45,22,3,18.7
441,Sandwick,GB,2022-09-02 05:10:58,60.0,-1.25,55.22,100,100,8.05
442,Kuandian,CN,2022-09-02 05:10:58,40.7286,124.7847,75.06,58,0,3.67
443,Yar-Sale,RU,2022-09-02 05:10:59,66.8333,70.8333,48.27,60,100,2.08
444,Beloha,MG,2022-09-02 05:10:59,-25.1667,45.05,66.38,55,41,13.69
445,Broome,US,2022-09-02 05:10:59,42.2506,-75.833,54.0,84,0,1.01
446,Mahibadhoo,MV,2022-09-02 05:11:00,3.7833,72.9667,80.82,80,75,16.35
447,Kiama,AU,2022-09-02 05:11:00,-34.6833,150.8667,60.39,74,100,3.0
448,Barentu,ER,2022-09-02 05:11:00,15.1139,37.5928,70.95,83,95,3.6
449,Lavrentiya,RU,2022-09-02 05:11:01,65.5833,-171.0,41.7,86,100,13.73
450,Lorengau,PG,2022-09-02 05:11:01,-2.0226,147.2712,84.78,64,97,11.5
451,Aracuai,BR,2022-09-02 05:09:27,-16.8497,-42.0703,58.28,88,0,2.66
452,Octeville,FR,2022-09-02 05:11:01,49.6261,-1.6435,63.09,94,75,8.05
453,Pangai,TO,2022-09-02 05:11:01,-19.8,-174.35,73.15,71,92,12.5
454,Aripuana,BR,2022-09-02 05:11:02,-9.1667,-60.6333,74.98,41,0,1.77
455,Rio Tercero,AR,2022-09-02 05:11:02,-32.173,-64.1141,53.8,32,24,15.08
456,Girua,BR,2022-09-02 05:11:02,-28.0283,-54.3497,61.07,96,100,2.28
457,Sainte-Thecle,CA,2022-09-02 05:11:03,46.8168,-72.4991,48.25,86,11,1.39
458,Makakilo City,US,2022-09-02 05:12:03,21.3469,-158.0858,79.12,62,0,13.8
459,Anadyr,RU,2022-09-02 05:12:03,64.75,177.4833,50.5,66,75,11.18
460,Clyde River,CA,2022-09-02 05:12:04,70.4692,-68.5914,35.83,100,100,11.5
461,Tamale,GH,2022-09-02 05:12:04,9.4008,-0.8393,71.94,94,99,5.95
462,Nalut,LY,2022-09-02 05:12:04,30.3333,10.85,78.58,43,1,11.36
463,Mingguang,CN,2022-09-02 05:12:04,32.7802,117.9638,82.65,48,32,15.77
464,Murray Bridge,AU,2022-09-02 05:12:05,-35.1167,139.2667,54.12,50,12,17.11
465,Yeppoon,AU,2022-09-02 05:12:05,-23.1333,150.7333,74.98,79,97,10.74
466,Kavaratti,IN,2022-09-02 05:12:05,10.5669,72.642,77.38,89,100,17.58
467,Chandbali,IN,2022-09-02 05:12:06,20.7833,86.7667,92.23,55,99,7.7
468,Rockland,US,2022-09-02 05:12:06,41.1668,-74.0496,68.85,73,1,3.6
469,Puerto Madero,MX,2022-09-02 05:12:06,14.7208,-92.4215,75.4,100,40,0.0
470,Liwale,TZ,2022-09-02 05:12:07,-9.7667,37.9333,66.61,70,3,9.33
471,Skibbereen,IE,2022-09-02 05:12:07,51.55,-9.2667,55.11,85,64,3.33
472,Kutum,SD,2022-09-02 05:12:07,14.2,24.6667,73.71,66,91,6.69
473,Cumana,VE,2022-09-02 05:12:08,10.4635,-64.1775,78.3,82,97,3.67
474,Kalabo,ZM,2022-09-02 05:12:08,-14.97,22.6814,52.84,74,0,5.77
475,El Paso,US,2022-09-02 05:11:31,31.8001,-106.2005,72.66,72,75,6.91
476,College,US,2022-09-02 05:12:08,64.8569,-147.8028,53.55,88,75,5.75
477,Northam,GB,2022-09-02 05:12:08,51.0333,-4.2167,61.61,87,80,7.2
478,Repalle,IN,2022-09-02 05:12:09,16.0167,80.85,87.69,67,99,8.79
479,Goundam,ML,2022-09-02 05:12:09,16.4145,-3.6708,80.82,63,99,5.35
480,Mareeba,AU,2022-09-02 05:12:09,-17.0,145.4333,76.44,91,99,4.07
481,Isiolo,KE,2022-09-02 05:12:10,0.3546,37.5822,68.22,61,3,5.59
482,Rockport,US,2022-09-02 05:12:10,28.0206,-97.0544,85.05,85,20,10.36
483,Aljezur,PT,2022-09-02 05:12:10,37.3191,-8.8033,62.62,97,35,8.66
484,Soubre,CI,2022-09-02 05:12:11,5.7856,-6.6083,68.45,99,55,2.35
485,Yining,CN,2022-09-02 05:12:11,29.0361,114.5636,87.93,35,12,8.48
486,Mount Gambier,AU,2022-09-02 05:12:11,-37.8333,140.7667,51.55,59,92,8.81
487,Yibin,CN,2022-09-02 05:12:11,28.7667,104.6238,70.92,76,100,1.03
488,Baghdad,IQ,2022-09-02 05:10:25,33.3406,44.4009,89.51,29,2,8.05
489,Seoul,KR,2022-09-02 05:08:12,37.5683,126.9778,85.39,36,27,6.85
490,Ponnani,IN,2022-09-02 05:12:12,10.767,75.9252,79.92,79,77,9.69
491,Lasa,IT,2022-09-02 05:12:12,46.6166,10.7002,58.69,92,12,2.71
492,Beringovskiy,RU,2022-09-02 05:12:12,63.05,179.3167,43.18,84,100,15.3
493,Itupiranga,BR,2022-09-02 05:12:13,-5.1347,-49.3267,77.32,48,14,2.15
494,Salima,MW,2022-09-02 05:12:13,-13.7804,34.4587,66.29,65,9,10.09
495,Amahai,ID,2022-09-02 05:12:13,-3.3333,128.9167,82.78,74,47,4.27
496,Baykit,RU,2022-09-02 05:12:14,61.67,96.37,51.42,60,60,0.98
497,Morro Bay,US,2022-09-02 05:07:16,35.3658,-120.8499,85.59,14,4,3.04
498,Kirillov,RU,2022-09-02 05:12:14,59.863,38.3813,39.33,98,100,8.12
499,Thinadhoo,MV,2022-09-02 05:12:14,0.5333,72.9333,82.65,70,52,19.26
500,Gornyak,RU,2022-09-02 05:12:15,50.9942,81.4661,82.38,30,20,8.88
501,Bani,DO,2022-09-02 05:12:15,18.2833,-70.3333,76.35,80,71,8.93
502,Tiarei,PF,2022-09-02 05:12:15,-17.5333,-149.3333,78.82,73,43,18.32
503,Sobolevo,RU,2022-09-02 05:12:16,54.4299,31.8996,41.09,91,49,8.81
504,Kropotkin,RU,2022-09-02 05:12:16,45.4375,40.5756,73.98,53,17,9.48
505,Bubaque,GW,2022-09-02 05:12:16,11.2833,-15.8333,75.87,90,100,11.79
506,Sabya,SA,2022-09-02 05:12:17,17.1495,42.6254,89.15,69,0,4.29
507,Cherdyn,RU,2022-09-02 05:13:17,60.403,56.4787,54.09,99,100,4.63
508,Lompoc,US,2022-09-02 05:13:17,34.6391,-120.4579,76.78,94,0,5.75
509,Rocha,UY,2022-09-02 05:13:18,-34.4833,-54.3333,54.66,99,100,7.99
510,Stornoway,GB,2022-09-02 05:13:18,58.2093,-6.3865,57.16,91,100,1.14
511,Matara,LK,2022-09-02 05:13:18,5.9485,80.5353,80.64,80,59,11.54
512,Takoradi,GH,2022-09-02 05:13:19,4.8845,-1.7554,72.88,93,100,5.21
513,Wajid,SO,2022-09-02 05:13:19,3.8093,43.2471,74.17,62,65,20.74
514,Saint-Georges,GD,2022-09-02 05:10:30,12.0564,-61.7485,76.68,88,20,0.0
515,Sayyan,YE,2022-09-02 05:13:19,15.1718,44.3244,65.14,41,6,9.44
516,Mahanje,TZ,2022-09-02 05:13:19,-9.9333,35.3333,61.07,60,41,3.11
517,Shenavan,AM,2022-09-02 05:13:20,40.0549,43.9288,71.11,19,20,2.71
518,Liling,CN,2022-09-02 05:13:20,27.6667,113.5,85.62,48,70,3.78
519,Providencia,MX,2022-09-02 05:13:20,28.7167,-111.5833,86.76,62,74,6.51
520,Mizunami,JP,2022-09-02 05:13:21,35.3667,137.25,89.49,82,52,5.37
521,Glendive,US,2022-09-02 05:13:21,47.1053,-104.7125,82.02,29,0,11.5
522,Coahuayana,MX,2022-09-02 05:13:21,18.7333,-103.6833,77.49,90,94,3.18
523,Noumea,NC,2022-09-02 05:13:22,-22.2763,166.4572,76.98,70,58,15.21
524,Socorro,US,2022-09-02 05:13:22,31.6546,-106.3033,74.03,72,75,6.91
525,Halifax,CA,2022-09-02 05:12:40,44.6453,-63.5724,64.4,91,3,9.22
526,Tarko-Sale,RU,2022-09-02 05:13:23,64.9225,77.785,48.34,77,98,9.57
527,Nago,JP,2022-09-02 05:13:23,26.5881,127.9761,86.43,82,50,13.4
528,Pevek,RU,2022-09-02 05:13:23,69.7008,170.3133,33.98,74,36,3.6
529,Salalah,OM,2022-09-02 05:13:24,17.0151,54.0924,78.89,83,75,8.05
530,Umm Kaddadah,SD,2022-09-02 05:13:24,13.6017,26.6876,81.48,58,89,6.62
531,Shetpe,KZ,2022-09-02 05:13:24,44.1667,52.1167,90.27,13,2,21.43
532,Bulaevo,KZ,2022-09-02 05:13:24,54.9056,70.4439,71.87,52,67,13.73
533,Alofi,NU,2022-09-02 05:11:39,-19.0595,-169.9187,75.04,77,49,12.55
534,Plettenberg Bay,ZA,2022-09-02 05:13:25,-34.0527,23.3716,58.01,85,87,6.51
535,Salvador,SV,2022-09-02 05:13:25,13.8333,-88.9167,70.2,98,100,1.21
536,Sao Joao Da Barra,BR,2022-09-02 05:13:25,-21.6403,-41.0511,67.17,76,0,14.7
537,Najran,SA,2022-09-02 05:13:26,17.4924,44.1277,81.25,27,0,4.94
538,Port-Gentil,GA,2022-09-02 05:13:26,-0.7193,8.7815,75.16,88,75,10.36
539,Bilma,NE,2022-09-02 05:13:26,18.6853,12.9164,85.93,48,86,5.93
540,Bonnyville,CA,2022-09-02 05:13:26,54.2668,-110.735,51.6,75,11,2.51
541,Olga,RU,2022-09-02 05:13:27,43.7444,135.2892,75.83,35,0,3.04
542,Ponta Delgada,PT,2022-09-02 05:13:27,37.7333,-25.6667,70.5,83,20,10.36
543,Onega,RU,2022-09-02 05:13:27,63.9061,38.1404,47.89,64,100,14.38
544,San Ignacio,BZ,2022-09-02 05:13:28,17.1561,-89.0714,73.54,100,0,0.0
545,Kumluca,TR,2022-09-02 05:13:28,36.3703,30.2869,80.11,52,0,1.32
546,Sistranda,NO,2022-09-02 05:13:28,63.7256,8.834,49.96,75,100,6.35
547,Lufkin,US,2022-09-02 05:13:29,31.3382,-94.7291,75.11,96,100,0.0
548,Port Hardy,CA,2022-09-02 05:13:29,50.6996,-127.4199,53.6,95,35,6.6
549,Port Augusta,AU,2022-09-02 05:13:29,-32.5,137.7667,60.67,42,6,19.39
550,Salinopolis,BR,2022-09-02 05:13:30,-0.6136,-47.3561,77.65,86,67,10.29
551,Ulladulla,AU,2022-09-02 05:13:30,-35.35,150.4667,55.35,72,100,12.8
552,Montego Bay,JM,2022-09-02 05:13:30,18.4712,-77.9188,80.4,83,20,1.14
553,Cabadiangan,PH,2022-09-02 05:13:30,9.7531,122.4739,84.45,79,100,11.83
554,Margate,GB,2022-09-02 05:14:31,51.3813,1.3862,66.31,80,89,1.99
555,Krivosheino,RU,2022-09-02 05:14:31,57.3431,83.9261,55.09,58,62,11.68
556,Batagay-Alyta,RU,2022-09-02 05:14:31,67.8006,130.4114,46.11,61,99,4.92
557,Juneau,US,2022-09-02 05:11:51,58.3019,-134.4197,53.22,95,100,10.36
558,Kananga,CD,2022-09-02 05:14:32,-5.8958,22.4178,70.07,87,97,2.62
559,Luba,GQ,2022-09-02 05:14:32,3.4568,8.5547,76.46,81,99,2.62
560,Fruitvale,US,2022-09-02 05:14:32,39.0817,-108.4968,80.92,24,0,3.44
561,Ambositra,MG,2022-09-02 05:14:33,-20.5167,47.25,53.4,66,16,3.56
562,Beira,MZ,2022-09-02 05:14:33,-19.8436,34.8389,69.01,63,71,8.14
563,Pemangkat,ID,2022-09-02 05:14:33,1.1667,108.9667,84.33,70,98,6.64
564,Pervomayskoye,RU,2022-09-02 05:14:34,43.919,46.7102,84.43,43,2,7.4
565,The Valley,AI,2022-09-02 05:14:34,18.217,-63.0578,83.1,70,4,17.07
566,Oranjemund,NA,2022-09-02 05:14:34,-28.55,16.4333,52.25,96,15,3.2
567,Tromso,NO,2022-09-02 05:10:36,69.6496,18.957,40.37,93,0,2.3
568,Yatou,CN,2022-09-02 05:14:35,37.15,122.3833,75.65,58,54,9.1
569,Ambilobe,MG,2022-09-02 05:14:35,-13.2,49.05,74.43,56,0,2.55
570,Arman,RU,2022-09-02 05:14:35,59.7,150.1667,57.02,99,100,8.55
